<?xml version="1.0" encoding="UTF-8" ?>
<!DOCTYPE mapper PUBLIC "-//mybatis.org//DTD Mapper 3.0//EN" "http://mybatis.org/dtd/mybatis-3-mapper.dtd" >
<mapper namespace="web.data.mapper.SysLtvMapper" >
  <resultMap id="BaseResultMap" type="web.data.entity.SysLtv" >
    <id column="id" property="id" jdbcType="BIGINT" />
    <result column="date" property="date" jdbcType="VARCHAR" />
    <result column="channel" property="channel" jdbcType="VARCHAR" />
    <result column="new_play_count" property="newPlayCount" jdbcType="INTEGER" />
    <result column="ltv_json_string" property="ltvJsonString" jdbcType="VARCHAR" />
  </resultMap>
  <sql id="Base_Column_List" >
    id, date, channel, new_play_count, ltv_json_string
  </sql>
  <select id="selectByPrimaryKey" resultMap="BaseResultMap" parameterType="java.lang.Long" >
    select 
    <include refid="Base_Column_List" />
    from sys_ltv
    where id = #{id,jdbcType=BIGINT}
  </select>
  <delete id="deleteByPrimaryKey" parameterType="java.lang.Long" >
    delete from sys_ltv
    where id = #{id,jdbcType=BIGINT}
  </delete>
  <insert id="insert" parameterType="web.data.entity.SysLtv" >
    insert into sys_ltv (id, date, channel, 
      new_play_count, ltv_json_string)
    values (#{id,jdbcType=BIGINT}, #{date,jdbcType=VARCHAR}, #{channel,jdbcType=VARCHAR}, 
      #{newPlayCount,jdbcType=INTEGER}, #{ltvJsonString,jdbcType=VARCHAR})
  </insert>
  <insert id="insertSelective" parameterType="web.data.entity.SysLtv" >
    insert into sys_ltv
    <trim prefix="(" suffix=")" suffixOverrides="," >
      <if test="id != null" >
        id,
      </if>
      <if test="date != null" >
        date,
      </if>
      <if test="channel != null" >
        channel,
      </if>
      <if test="newPlayCount != null" >
        new_play_count,
      </if>
      <if test="ltvJsonString != null" >
        ltv_json_string,
      </if>
    </trim>
    <trim prefix="values (" suffix=")" suffixOverrides="," >
      <if test="id != null" >
        #{id,jdbcType=BIGINT},
      </if>
      <if test="date != null" >
        #{date,jdbcType=VARCHAR},
      </if>
      <if test="channel != null" >
        #{channel,jdbcType=VARCHAR},
      </if>
      <if test="newPlayCount != null" >
        #{newPlayCount,jdbcType=INTEGER},
      </if>
      <if test="ltvJsonString != null" >
        #{ltvJsonString,jdbcType=VARCHAR},
      </if>
    </trim>
  </insert>
  <update id="updateByPrimaryKeySelective" parameterType="web.data.entity.SysLtv" >
    update sys_ltv
    <set >
      <if test="date != null" >
        date = #{date,jdbcType=VARCHAR},
      </if>
      <if test="channel != null" >
        channel = #{channel,jdbcType=VARCHAR},
      </if>
      <if test="newPlayCount != null" >
        new_play_count = #{newPlayCount,jdbcType=INTEGER},
      </if>
      <if test="ltvJsonString != null" >
        ltv_json_string = #{ltvJsonString,jdbcType=VARCHAR},
      </if>
    </set>
    where id = #{id,jdbcType=BIGINT}
  </update>
  <update id="updateByPrimaryKey" parameterType="web.data.entity.SysLtv" >
    update sys_ltv
    set date = #{date,jdbcType=VARCHAR},
      channel = #{channel,jdbcType=VARCHAR},
      new_play_count = #{newPlayCount,jdbcType=INTEGER},
      ltv_json_string = #{ltvJsonString,jdbcType=VARCHAR}
    where id = #{id,jdbcType=BIGINT}
  </update>
</mapper>