<?xml version="1.0" encoding="UTF-8"?>  
<!DOCTYPE generatorConfiguration  
  PUBLIC "-//mybatis.org//DTD MyBatis Generator Configuration 1.0//EN"  
  "http://mybatis.org/dtd/mybatis-generator-config_1_0.dtd">  
  
<generatorConfiguration>  
    <classPathEntry location="../../lib/mysql-connector-java-5.0.4-bin.jar" />  
  
    <context id="DB2Tables" targetRuntime="MyBatis3" >  
  
        <commentGenerator>  
            <property name="suppressDate" value="true" />  
			<property name="suppressAllComments" value="true" /><!-- 去除自动生成的注释 -->
        </commentGenerator>  
		
        <jdbcConnection driverClass="com.mysql.jdbc.Driver"  
            connectionURL="jdbc:mysql://192.168.1.131:3306/doraemon_pay" userId="innertest01" password="innertest01">  
        </jdbcConnection>  
  
        <javaTypeResolver>  
            <property name="forceBigDecimals" value="false" />   
        </javaTypeResolver>  
  
        <javaModelGenerator targetPackage="game.pay.data.entity" targetProject="src">  
            <property name="enableSubPackages" value="true" />  
            <property name="trimStrings" value="true" />  
        </javaModelGenerator>  
  
        <sqlMapGenerator targetPackage="game.pay.data.mapper" targetProject="src">  
            <property name="enableSubPackages" value="true" />  
        </sqlMapGenerator>  
  
        <javaClientGenerator type="XMLMAPPER"  targetPackage="game.pay.data.mapper" targetProject="src">  
            <property name="enableSubPackages" value="true" />  
        </javaClientGenerator>  
  
    <table tableName="pay_log" domainObjectName="PayLog" enableCountByExample="false" enableUpdateByExample="false"  
    enableDeleteByExample="false" enableSelectByExample="false"  
    selectByExampleQueryId="false"/>           
    </context>  
</generatorConfiguration>  