<?xml version="1.0" encoding="UTF-8" ?>
<!DOCTYPE mapper PUBLIC "-//mybatis.org//DTD Mapper 3.0//EN" "http://mybatis.org/dtd/mybatis-3-mapper.dtd" >
<mapper namespace="game.data.sys.mapper.SysGuildMapper" >
  <resultMap id="BaseResultMap" type="game.data.sys.entity.SysGuild" >
    <id column="id" property="id" jdbcType="BIGINT" />
    <result column="name" property="name" jdbcType="VARCHAR" />
    <result column="level" property="level" jdbcType="INTEGER" />
    <result column="create_time" property="createTime" jdbcType="BIGINT" />
  </resultMap>
  <sql id="Base_Column_List" >
    id, name, level, create_time
  </sql>
  <select id="selectByPrimaryKey" resultMap="BaseResultMap" parameterType="java.lang.Long" >
    select 
    <include refid="Base_Column_List" />
    from sys_guild
    where id = #{id,jdbcType=BIGINT}
  </select>
  <delete id="deleteByPrimaryKey" parameterType="java.lang.Long" >
    delete from sys_guild
    where id = #{id,jdbcType=BIGINT}
  </delete>
  <insert id="insert" parameterType="game.data.sys.entity.SysGuild" >
    insert into sys_guild (id, name, level, 
      create_time)
    values (#{id,jdbcType=BIGINT}, #{name,jdbcType=VARCHAR}, #{level,jdbcType=INTEGER}, 
      #{createTime,jdbcType=BIGINT})
  </insert>
  <insert id="insertSelective" parameterType="game.data.sys.entity.SysGuild" >
    insert into sys_guild
    <trim prefix="(" suffix=")" suffixOverrides="," >
      <if test="id != null" >
        id,
      </if>
      <if test="name != null" >
        name,
      </if>
      <if test="level != null" >
        level,
      </if>
      <if test="createTime != null" >
        create_time,
      </if>
    </trim>
    <trim prefix="values (" suffix=")" suffixOverrides="," >
      <if test="id != null" >
        #{id,jdbcType=BIGINT},
      </if>
      <if test="name != null" >
        #{name,jdbcType=VARCHAR},
      </if>
      <if test="level != null" >
        #{level,jdbcType=INTEGER},
      </if>
      <if test="createTime != null" >
        #{createTime,jdbcType=BIGINT},
      </if>
    </trim>
  </insert>
  <update id="updateByPrimaryKeySelective" parameterType="game.data.sys.entity.SysGuild" >
    update sys_guild
    <set >
      <if test="name != null" >
        name = #{name,jdbcType=VARCHAR},
      </if>
      <if test="level != null" >
        level = #{level,jdbcType=INTEGER},
      </if>
      <if test="createTime != null" >
        create_time = #{createTime,jdbcType=BIGINT},
      </if>
    </set>
    where id = #{id,jdbcType=BIGINT}
  </update>
  <update id="updateByPrimaryKey" parameterType="game.data.sys.entity.SysGuild" >
    update sys_guild
    set name = #{name,jdbcType=VARCHAR},
      level = #{level,jdbcType=INTEGER},
      create_time = #{createTime,jdbcType=BIGINT}
    where id = #{id,jdbcType=BIGINT}
  </update>
</mapper>