<?xml version="1.0" encoding="UTF-8" ?>
<!DOCTYPE mapper PUBLIC "-//mybatis.org//DTD Mapper 3.0//EN" "http://mybatis.org/dtd/mybatis-3-mapper.dtd" >
<mapper namespace="game.data.sys.mapper.SysRoleMailMapper" >
  <resultMap id="BaseResultMap" type="game.data.sys.entity.SysRoleMail" >
    <id column="id" property="id" jdbcType="BIGINT" />
    <result column="mail_Id" property="mailId" jdbcType="BIGINT" />
    <result column="role_Id" property="roleId" jdbcType="BIGINT" />
    <result column="rev_Time" property="revTime" jdbcType="BIGINT" />
    <result column="is_Read" property="isRead" jdbcType="INTEGER" />
    <result column="is_Extract" property="isExtract" jdbcType="INTEGER" />
    <result column="del" property="del" jdbcType="INTEGER" />
  </resultMap>
  <sql id="Base_Column_List" >
    id, mail_Id, role_Id, rev_Time, is_Read, is_Extract, del
  </sql>
  <select id="selectByPrimaryKey" resultMap="BaseResultMap" parameterType="java.lang.Long" >
    select 
    <include refid="Base_Column_List" />
    from sys_role_mail
    where id = #{id,jdbcType=BIGINT}
  </select>
  <delete id="deleteByPrimaryKey" parameterType="java.lang.Long" >
    delete from sys_role_mail
    where id = #{id,jdbcType=BIGINT}
  </delete>
  <insert id="insert" parameterType="game.data.sys.entity.SysRoleMail" >
    insert into sys_role_mail (id, mail_Id, role_Id, 
      rev_Time, is_Read, is_Extract, 
      del)
    values (#{id,jdbcType=BIGINT}, #{mailId,jdbcType=BIGINT}, #{roleId,jdbcType=BIGINT}, 
      #{revTime,jdbcType=BIGINT}, #{isRead,jdbcType=INTEGER}, #{isExtract,jdbcType=INTEGER}, 
      #{del,jdbcType=INTEGER})
  </insert>
  <insert id="insertSelective" parameterType="game.data.sys.entity.SysRoleMail" >
    insert into sys_role_mail
    <trim prefix="(" suffix=")" suffixOverrides="," >
      <if test="id != null" >
        id,
      </if>
      <if test="mailId != null" >
        mail_Id,
      </if>
      <if test="roleId != null" >
        role_Id,
      </if>
      <if test="revTime != null" >
        rev_Time,
      </if>
      <if test="isRead != null" >
        is_Read,
      </if>
      <if test="isExtract != null" >
        is_Extract,
      </if>
      <if test="del != null" >
        del,
      </if>
    </trim>
    <trim prefix="values (" suffix=")" suffixOverrides="," >
      <if test="id != null" >
        #{id,jdbcType=BIGINT},
      </if>
      <if test="mailId != null" >
        #{mailId,jdbcType=BIGINT},
      </if>
      <if test="roleId != null" >
        #{roleId,jdbcType=BIGINT},
      </if>
      <if test="revTime != null" >
        #{revTime,jdbcType=BIGINT},
      </if>
      <if test="isRead != null" >
        #{isRead,jdbcType=INTEGER},
      </if>
      <if test="isExtract != null" >
        #{isExtract,jdbcType=INTEGER},
      </if>
      <if test="del != null" >
        #{del,jdbcType=INTEGER},
      </if>
    </trim>
  </insert>
  <update id="updateByPrimaryKeySelective" parameterType="game.data.sys.entity.SysRoleMail" >
    update sys_role_mail
    <set >
      <if test="mailId != null" >
        mail_Id = #{mailId,jdbcType=BIGINT},
      </if>
      <if test="roleId != null" >
        role_Id = #{roleId,jdbcType=BIGINT},
      </if>
      <if test="revTime != null" >
        rev_Time = #{revTime,jdbcType=BIGINT},
      </if>
      <if test="isRead != null" >
        is_Read = #{isRead,jdbcType=INTEGER},
      </if>
      <if test="isExtract != null" >
        is_Extract = #{isExtract,jdbcType=INTEGER},
      </if>
      <if test="del != null" >
        del = #{del,jdbcType=INTEGER},
      </if>
    </set>
    where id = #{id,jdbcType=BIGINT}
  </update>
  <update id="updateByPrimaryKey" parameterType="game.data.sys.entity.SysRoleMail" >
    update sys_role_mail
    set mail_Id = #{mailId,jdbcType=BIGINT},
      role_Id = #{roleId,jdbcType=BIGINT},
      rev_Time = #{revTime,jdbcType=BIGINT},
      is_Read = #{isRead,jdbcType=INTEGER},
      is_Extract = #{isExtract,jdbcType=INTEGER},
      del = #{del,jdbcType=INTEGER}
    where id = #{id,jdbcType=BIGINT}
  </update>
</mapper>