<?xml version="1.0" encoding="UTF-8"?>
<!DOCTYPE mapper PUBLIC "-//mybatis.org//DTD Mapper 3.0//EN" "http://mybatis.org/dtd/mybatis-3-mapper.dtd">
<mapper namespace="db.mapper.BattleReportMapper">
  <resultMap id="BaseResultMap" type="db.entity.BattleReport">
    <id column="id" jdbcType="BIGINT" property="id" />
    <result column="report_id" jdbcType="VARCHAR" property="reportId" />
  </resultMap>
  <resultMap extends="BaseResultMap" id="ResultMapWithBLOBs" type="db.entity.BattleReport">
    <result column="content" jdbcType="LONGVARBINARY" property="content" />
  </resultMap>
  <sql id="Base_Column_List">
    id, report_id
  </sql>
  <sql id="Blob_Column_List">
    content
  </sql>
  <select id="selectByPrimaryKey" parameterType="java.lang.Long" resultMap="ResultMapWithBLOBs">
    select 
    <include refid="Base_Column_List" />
    ,
    <include refid="Blob_Column_List" />
    from battle_report
    where id = #{id,jdbcType=BIGINT}
  </select>
  <delete id="deleteByPrimaryKey" parameterType="java.lang.Long">
    delete from battle_report
    where id = #{id,jdbcType=BIGINT}
  </delete>
  <insert id="insert" parameterType="db.entity.BattleReport">
    insert into battle_report (id, report_id, content
      )
    values (#{id,jdbcType=BIGINT}, #{reportId,jdbcType=VARCHAR}, #{content,jdbcType=LONGVARBINARY}
      )
  </insert>
  <insert id="insertSelective" parameterType="db.entity.BattleReport">
    insert into battle_report
    <trim prefix="(" suffix=")" suffixOverrides=",">
      <if test="id != null">
        id,
      </if>
      <if test="reportId != null">
        report_id,
      </if>
      <if test="content != null">
        content,
      </if>
    </trim>
    <trim prefix="values (" suffix=")" suffixOverrides=",">
      <if test="id != null">
        #{id,jdbcType=BIGINT},
      </if>
      <if test="reportId != null">
        #{reportId,jdbcType=VARCHAR},
      </if>
      <if test="content != null">
        #{content,jdbcType=LONGVARBINARY},
      </if>
    </trim>
  </insert>
  <update id="updateByPrimaryKeySelective" parameterType="db.entity.BattleReport">
    update battle_report
    <set>
      <if test="reportId != null">
        report_id = #{reportId,jdbcType=VARCHAR},
      </if>
      <if test="content != null">
        content = #{content,jdbcType=LONGVARBINARY},
      </if>
    </set>
    where id = #{id,jdbcType=BIGINT}
  </update>
  <update id="updateByPrimaryKeyWithBLOBs" parameterType="db.entity.BattleReport">
    update battle_report
    set report_id = #{reportId,jdbcType=VARCHAR},
      content = #{content,jdbcType=LONGVARBINARY}
    where id = #{id,jdbcType=BIGINT}
  </update>
  <update id="updateByPrimaryKey" parameterType="db.entity.BattleReport">
    update battle_report
    set report_id = #{reportId,jdbcType=VARCHAR}
    where id = #{id,jdbcType=BIGINT}
  </update>
  <resultMap id="BaseResultMap" type="db.entity.BattleReport">
    <id column="Id" jdbcType="BIGINT" property="id" />
  </resultMap>
  <resultMap extends="BaseResultMap" id="ResultMapWithBLOBs" type="db.entity.BattleReport">
    <result column="Content" jdbcType="LONGVARCHAR" property="content" />
  </resultMap>
  <sql id="Base_Column_List">
    Id
  </sql>
  <sql id="Blob_Column_List">
    Content
  </sql>
  <select id="selectByPrimaryKey" parameterType="java.lang.Long" resultMap="ResultMapWithBLOBs">
    select 
    <include refid="Base_Column_List" />
    ,
    <include refid="Blob_Column_List" />
    from battle_report
    where Id = #{id,jdbcType=BIGINT}
  </select>
  <delete id="deleteByPrimaryKey" parameterType="java.lang.Long">
    delete from battle_report
    where Id = #{id,jdbcType=BIGINT}
  </delete>
  <insert id="insert" parameterType="db.entity.BattleReport">
    insert into battle_report (Id, Content)
    values (#{id,jdbcType=BIGINT}, #{content,jdbcType=LONGVARCHAR})
  </insert>
  <insert id="insertSelective" parameterType="db.entity.BattleReport">
    insert into battle_report
    <trim prefix="(" suffix=")" suffixOverrides=",">
      <if test="id != null">
        Id,
      </if>
      <if test="content != null">
        Content,
      </if>
    </trim>
    <trim prefix="values (" suffix=")" suffixOverrides=",">
      <if test="id != null">
        #{id,jdbcType=BIGINT},
      </if>
      <if test="content != null">
        #{content,jdbcType=LONGVARCHAR},
      </if>
    </trim>
  </insert>
  <update id="updateByPrimaryKeySelective" parameterType="db.entity.BattleReport">
    update battle_report
    <set>
      <if test="content != null">
        Content = #{content,jdbcType=LONGVARCHAR},
      </if>
    </set>
    where Id = #{id,jdbcType=BIGINT}
  </update>
  <update id="updateByPrimaryKeyWithBLOBs" parameterType="db.entity.BattleReport">
    update battle_report
    set Content = #{content,jdbcType=LONGVARCHAR}
    where Id = #{id,jdbcType=BIGINT}
  </update>
</mapper>